System;CountryCode;Name;Color;Tier;Level
ared;ARE;Dubai urban rail transit;TMblue;3;preview
argtaold;ARG;Trenes Argentinos Operaciones (larga distancia);TMpurple;1;preview
argtaor;ARG;Trenes Argentinos Operaciones (regionales e internacional);TMgreen;2;preview
argbs;ARG;Línea Belgrano Sur;TMgreen;2;preview
argmit;ARG;Línea Mitre;TMgreen;2;preview
argroca;ARG;Línea Roca;TMgreen;2;preview
argsar;ARG;Línea Sarmiento;TMgreen;2;preview
argsm;ARG;Línea San Martín;TMgreen;2;preview
argtad;ARG;Tren al Desarrollo;TMgreen;2;preview
argurq;ARG;Línea Urquiza;TMgreen;2;preview
argsub;ARG;Subte (Buenos Aires);TMblue;3;preview
argmetmen;ARG;Metrotranvía (Mendoza);TMred;4;preview
argsubp;ARG;Subte (Premetro) (Buenos Aires);TMred;4;preview
argtc;ARG;Tren de la Costa;TMred;4;preview
asiaair;ASI;Asia Airport People Movers (airside);TMyellow;5;preview
ausnswtl;AUS;New South Wales TrainLink;TMpurple;1;preview
ausqrt;AUS;Queensland Rail Traveltrain;TMpurple;1;preview
austwa;AUS;Transwa;TMpurple;1;preview
ausvln;AUS;V/Line;TMpurple;1;preview
ausasr;AUS;Adelaide Suburban Railway;TMgreen;2;preview
ausmtm;AUS;Metro Trains Melbourne;TMgreen;2;preview
ausqrc;AUS;Queensland Rail Citytrain;TMgreen;2;preview
ausst;AUS;Sydney Trains;TMgreen;2;preview
austto;AUS;Transperth Train Operations;TMgreen;2;preview
aussm;AUS;Sydney Metro;TMblue;3;preview
ausat;AUS;Adelaide Trams;TMred;4;preview
ausbt;AUS;Bendigo Tramways;TMred;4;preview
auscm;AUS;Canberra Metro;TMred;4;preview
ausgclr;AUS;Gold Coast Light Rail;TMred;4;preview
ausnlr;AUS;Newcastle Light Rail;TMred;4;preview
ausslr;AUS;Sydney Light Rail;TMred;4;preview
ausyt;AUS;Yarra Trams (Melbourne);TMred;4;preview
autsk;AUT;S-Bahn Kärnten;TMgreen;2;preview
autso;AUT;S-Bahn Oberösterreich;TMgreen;2;preview
autss;AUT;S-Bahn Salzburg;TMgreen;2;preview
autsst;AUT;S-Bahn Steiermark;TMgreen;2;preview
autst;AUT;S-Bahn Tirol;TMgreen;2;preview
autsv;AUT;S-Bahn Vorarlberg;TMgreen;2;preview
autsw;AUT;S-Bahn Wien;TMgreen;2;preview
autus;AUT;U-Bahn Serfaus;TMblue;3;preview
autuw;AUT;U-Bahn Wien;TMblue;3;preview
autstgm;AUT;Straßenbahn Gmunden;TMred;4;preview
autstg;AUT;Straßenbahn Graz;TMred;4;preview
autsti;AUT;Straßenbahn Innsbruck;TMred;4;preview
autstl;AUT;Straßenbahn Linz;TMred;4;preview
autstw;AUT;Straßenbahn Wien;TMred;4;preview
belic;BEL;InterCity;TMpurple;1;preview
bell;BEL;Lokale treinen / trains locaux;TMgreen;2;preview
belrsa;BEL;S-trein Antwerpen;TMgreen;2;preview
belrsb;BEL;Réseau suburbain bruxellois / Gewestelijk ExpresNet;TMgreen;2;preview
belrsc;BEL;Réseau suburbain de Charleroi;TMgreen;2;preview
belrsg;BEL;S-trein Gent;TMgreen;2;preview
belrsl;BEL;Réseau suburbain liégeois;TMgreen;2;preview
belbm;BEL;Métro de Bruxelles / Brusselse metro;TMblue;3;preview
belcm;BEL;Métro de Charleroi;TMblue;3;preview
belat;BEL;Antwerpse tram;TMred;4;preview
belbt;BEL;Tramwway de Bruxelles / Brusselse tram;TMred;4;preview
belgt;BEL;Gentse tram;TMred;4;preview
belkt;BEL;Kusttram;TMred;4;preview
bgrsm;BGR;Sofiyski Metropoliten;TMblue;3;preview
bgrst;BGR;Sofiyski Trams;TMred;4;preview
bihst;BIH;Sarajevski Tramvaji;TMred;4;preview
bolmtc;BOL;Mi Tren Cochabamba;TMred;4;preview
braefc;BRA;Estrada de Ferro Carajás;TMpurple;1;preview
braefvm;BRA;Estrada de Ferro Vitória a Minas;TMpurple;1;preview
braet;BRA;Expresso Turístico da CPTM;TMgreen;2;preview
brasv;BRA;SuperVia;TMgreen;2;preview
bratmsp;BRA;Trem Metropolitano de São Paulo;TMgreen;2;preview
brametba;BRA;Metrô Bahia;TMblue;3;preview
brambh;BRA;Metrô BH;TMblue;3;preview
bramdf;BRA;Metrô DF;TMblue;3;preview
bramfor;BRA;Metrô Fortaleza;TMblue;3;preview
brametrec;BRA;Metrô do Recife;TMblue;3;preview
brametrio;BRA;MetrôRio;TMblue;3;preview
brametsp;BRA;Metrô de São Paulo;TMblue;3;preview
bratu;BRA;Trensurb;TMblue;3;preview
brabst;BRA;Bonde de Santa Teresa;TMred;4;preview
bracbtujp;BRA;Companhia Brasileira de Trens Urbanos (João Pessoa);TMred;4;preview
bracbtumac;BRA;Companhia Brasileira de Trens Urbanos (Maceió);TMred;4;preview
bracbtunat;BRA;Companhia Brasileira de Trens Urbanos (Natal);TMred;4;preview
braemtu;BRA;Empresa Metropolitana de Transportes Urbanos de São Paulo;TMred;4;preview
bramforvlt;BRA;Metrô Fortaleza (VLT);TMred;4;preview
bravltrec;BRA;Metrô do Recife (VLT);TMred;4;preview
brametter;BRA;Metrô de Teresina;TMred;4;preview
bravltrio;BRA;VLT Carioca;TMred;4;preview
braair;BRA;Brasil Landside Airport Rail Systems;TMyellow;5;preview
bratc;BRA;Trem do Corcovado;TMyellow;5;preview
canvia;CAN;VIA Rail;TMpurple;1;preview
canexo;CAN;Exo;TMgreen;2;preview
cango;CAN;GO Transit;TMgreen;2;preview
cankrc;CAN;Keewatin Railway Company;TMgreen;2;preview
canonr;CAN;Ontario Northland Railway;TMgreen;2;preview
cantsh;CAN;Tshiuetin Rail Transportation;TMgreen;2;preview
cantst;CAN;Tsal'alh Seton Train;TMgreen;2;preview
canwce;CAN;West Coast Express;TMgreen;2;preview
canmvrd;CAN;Metro Vancouver Regional District;TMblue;3;preview
canstm;CAN;Montreal Metro;TMblue;3;preview
canttc;CAN;Toronto Subway;TMblue;3;preview
canct;CAN;Calgary Transit;TMred;4;preview
canets;CAN;Edmonton Transit Service;TMred;4;preview
canion;CAN;ION Light Rail;TMred;4;preview
canot;CAN;O-Train;TMred;4;preview
canrem;CAN;Montreal Réseau Express Métropolitain;TMred;4;preview
canair;CAN;Canada Landside Airport Rail Systems;TMyellow;5;preview
canedmsc;CAN;Edmonton Streetcars;TMyellow;5;preview
cantsc;CAN;Toronto Streetcars;TMyellow;5;preview
cheags;CHE;S-Bahn Aargau;TMgreen;2;preview
chebes;CHE;S-Bahn Bern / RER Berne;TMgreen;2;preview
chebss;CHE;Trinationale S-Bahn Basel / RER trinational de Bâle;TMgreen;2;preview
chechs;CHE;S-Bahn Chur;TMgreen;2;preview
chefrrer;CHE;Réseau express régional fribourgeois / S-Bahn Freiburg;TMgreen;2;preview
chelx;CHE;Léman Express;TMgreen;2;preview
chener;CHE;Neuchâtel / Biel/Bienne / Jura Regio;TMgreen;2;preview
chesgs;CHE;S-Bahn St. Gallen;TMgreen;2;preview
cheshs;CHE;S-Bahn Schaffhausen;TMgreen;2;preview
chesob;CHE;Südostbahn;TMgreen;2;preview
chesos;CHE;S-Bahn Solothurn;TMgreen;2;preview
chetirc;CHE;Rete celere del Canton Ticino;TMgreen;2;preview
chevdrer;CHE;Réseau express régional vaudois;TMgreen;2;preview
chezhs;CHE;S-Bahn Zürich;TMgreen;2;preview
chezss;CHE;S-Bahn Zentralschweiz;TMgreen;2;preview
chelm;CHE;Métro de Lausanne;TMblue;3;preview
chebet;CHE;Strassenbahn Bern / Tramway de Berne;TMred;4;preview
chebst;CHE;Basler Tramlinien / Tramway de Bâle;TMred;4;preview
cheget;CHE;Tramway de Genève;TMred;4;preview
chezht;CHE;Strassenbahn Zürich;TMred;4;preview
chlefer;CHL;Empresa de los Ferrocarriles del Estado (regional);TMpurple;1;preview
chlefep;CHL;Empresa de los Ferrocarriles del Estado (provincial);TMpurple;1;preview
chlefes;CHL;Empresa de los Ferrocarriles del Estado (suburbanos);TMgreen;2;preview
chlefeu;CHL;Empresa de los Ferrocarriles del Estado (urbanos);TMgreen;2;preview
chlms;CHL;Metro de Santiago;TMblue;3;preview
chncrh;CHN;China Railway High-speed;TMpurple;1;preview
chngdprd;CHN;Pearl River Delta Metropolitan Region Intercity Railway;TMgreen;2;preview
chngdgzfm;CHN;Guangzhou & Foshan Metros;TMblue;3;preview
chngdszm;CHN;Shenzhen Metro;TMblue;3;preview
colmm;COL;Metro de Medellín;TMblue;3;preview
colmmt;COL;Metro de Medellín (tranvía);TMred;4;preview
czeduk;CZE;Doprava Ústeckého kraje;TMgreen;2;preview
czedukt;CZE;Doprava Ústeckého kraje (Turistické linky);TMbrown;2;preview
czeem;CZE;Esko v Moravskoslezském kraji;TMgreen;2;preview
czeep;CZE;Esko Praha;TMgreen;2;preview
czeidol;CZE;Integrovaný dopravní systém Libereckého kraje;TMgreen;2;preview
czeiredo;CZE;Integrovaná regionální doprava Východočeský kraj;TMgreen;2;preview
czevmjk;CZE;Vlaky Místní Jihomoraského kraje;TMgreen;2;preview
czemp;CZE;Metro Praha;TMblue;3;preview
czetb;CZE;Tramvaje v Brně;TMred;4;preview
czetl;CZE;Tramvaje v Liberci;TMred;4;preview
czetml;CZE;Tramvaje v Mostě a v Litvínově;TMred;4;preview
czetol;CZE;Tramvaje v Olomouci;TMred;4;preview
czetos;CZE;Tramvaje v Ostravě;TMred;4;preview
czetpl;CZE;Tramvaje v Plzni;TMred;4;preview
czetp;CZE;Tramvaje v Praze;TMred;4;preview
deubs;DEU;S-Bahn Berlin;TMgreen;2;preview
deubss;DEU;S-Bahn Bodensee;TMgreen;2;preview
deufrs;DEU;Breisgau-S-Bahn;TMgreen;2;preview
deuhbs;DEU;Regio-S-Bahn Bremen/Niedersachsen;TMgreen;2;preview
deudds;DEU;S-Bahn Dresden;TMgreen;2;preview
deuhha;DEU;AKN Eisenbahn;TMgreen;2;preview
deuhhs;DEU;S-Bahn Hamburg;TMgreen;2;preview
deuhs;DEU;S-Bahn Hannover;TMgreen;2;preview
deukas;DEU;Stadtbahn Karlsruhe;TMgreen;2;preview
deuls;DEU;S-Bahn Mitteldeutschland;TMgreen;2;preview
deumds;DEU;S-Bahn Mittelelbe;TMgreen;2;preview
deums;DEU;S-Bahn München;TMgreen;2;preview
deuns;DEU;S-Bahn Nürnberg;TMgreen;2;preview
deuogrs;DEU;Regio S-Bahn Ortenau;TMgreen;2;preview
deurms;DEU;S-Bahn Rhein-Main;TMgreen;2;preview
deurns;DEU;S-Bahn Rhein-Neckar;TMgreen;2;preview
deuros;DEU;S-Bahn Rostock;TMgreen;2;preview
deurrs;DEU;S-Bahn Rhein-Ruhr;TMgreen;2;preview
deuss;DEU;S-Bahn Stuttgart;TMgreen;2;preview
deuulrs;DEU;Regio-S-Bahn Donau-Iller;TMgreen;2;preview
deubu;DEU;U-Bahn Berlin;TMblue;3;preview
deubisb;DEU;Stadtbahn Bielefeld;TMblue;3;preview
deucc;DEU;City-Bahn Chemnitz;TMblue;3;preview
deufu;DEU;U-Bahn Frankfurt am Main;TMblue;3;preview
deuhhu;DEU;U-Bahn Hamburg;TMblue;3;preview
deuhsb;DEU;Stadtbahn Hannover;TMblue;3;preview
deuksrt;DEU;RegioTram Kassel;TMblue;3;preview
deumu;DEU;U-Bahn München;TMblue;3;preview
deunu;DEU;U-Bahn Nürnberg;TMblue;3;preview
deurssb;DEU;Stadtbahn Rhein-Sieg;TMblue;3;preview
deurru;DEU;Stadtbahn Rhein-Ruhr;TMblue;3;preview
deusb;DEU;Saarbahn;TMblue;3;preview
deusu;DEU;Stadtbahn Stuttgart;TMblue;3;preview
deuws;DEU;Wuppertaler Schwebebahn;TMblue;3;preview
deuat;DEU;Straßenbahn Augsburg;TMred;4;preview
deubt;DEU;Straßenbahn Berlin;TMred;4;preview
deubrbt;DEU;Straßenbahn Brandenburg an der Havel;TMred;4;preview
deubst;DEU;Straßenbahn Braunschweig;TMred;4;preview
deuhbt;DEU;Straßenbahn Bremen;TMred;4;preview
deuct;DEU;Straßenbahn Chemnitz;TMred;4;preview
deuctt;DEU;Straßenbahn Cottbus;TMred;4;preview
deudat;DEU;Straßenbahn Darmstadt;TMred;4;preview
deudet;DEU;Straßenbahn Dessau;TMred;4;preview
deuddt;DEU;Straßenbahn Dresden;TMred;4;preview
deueft;DEU;Straßenbahn Erfurt;TMred;4;preview
deuft;DEU;Straßenbahn Frankfurt am Main;TMred;4;preview
deufft;DEU;Straßenbahn Frankfurt (Oder);TMred;4;preview
deufrt;DEU;Straßenbahn Freiburg im Breisgau;TMred;4;preview
deugt;DEU;Straßenbahn Gera;TMred;4;preview
deugrt;DEU;Straßenbahn Görlitz;TMred;4;preview
deugtht;DEU;Straßenbahn Gotha;TMred;4;preview
deuhbst;DEU;Straßenbahn Halberstadt;TMred;4;preview
deuhalt;DEU;Straßenbahn Halle (Saale);TMred;4;preview
deujt;DEU;Straßenbahn Jena;TMred;4;preview
deukat;DEU;Straßenbahn Karlsruhe;TMred;4;preview
deukst;DEU;Straßenbahn Kassel;TMred;4;preview
deult;DEU;Straßenbahn Leipzig;TMred;4;preview
deumdt;DEU;Straßenbahn Magdeburg;TMred;4;preview
deumzt;DEU;Straßenbahn Mainz;TMred;4;preview
deumt;DEU;Straßenbahn München;TMred;4;preview
deunmbt;DEU;Straßenbahn Naumburg;TMred;4;preview
deundht;DEU;Straßenbahn Nordhausen;TMred;4;preview
deunt;DEU;Straßenbahn Nürnberg;TMred;4;preview
deuplt;DEU;Straßenbahn Plauen;TMred;4;preview
deurnt;DEU;Straßenbahn Rhein-Neckar;TMred;4;preview
deurrt;DEU;Straßenbahn Rhein-Ruhr;TMred;4;preview
deurot;DEU;Straßenbahn Rostock;TMred;4;preview
deusnt;DEU;Straßenbahn Schwerin;TMred;4;preview
deuswat;DEU;Kirnitzschtalbahn;TMred;4;preview
deuult;DEU;Straßenbahn Ulm;TMred;4;preview
deuwut;DEU;Straßenbahn Würzburg;TMred;4;preview
deuzt;DEU;Straßenbahn Zwickau;TMred;4;preview
deuddb;DEU;Bergbahnen Dresden;TMyellow;5;preview
deunwh;DEU;Hängebahn Dortmund;TMyellow;5;preview
dnkks;DNK;Københavns S-tog;TMgreen;2;preview
dnkkm;DNK;Københavns Metro;TMblue;3;preview
domopret;DOM;Oficina Para el Reordenamiento del Transporte;TMblue;3;preview
ecumq;ECU;Metro de Quito;TMblue;3;preview
ecutc;ECU;Tranvia Cuenca;TMred;4;preview
espave;ESP;Alta Velocidad Española (AVE);TMpurple;1;preview
espca;ESP;Cercanías Asturias;TMgreen;2;preview
espcc;ESP;Cercanías Cádiz;TMgreen;2;preview
espcm;ESP;Cercanías Madrid;TMgreen;2;preview
espcma;ESP;Cercanías Málaga;TMgreen;2;preview
espcmu;ESP;Cercanías Murcia/Alicante;TMgreen;2;preview
espcsa;ESP;Cercanías Santander;TMgreen;2;preview
espcs;ESP;Cercanías Sevilla;TMgreen;2;preview
espcv;ESP;Cercanías Valencia;TMgreen;2;preview
espcz;ESP;Cercanías Zaragoza;TMgreen;2;preview
espet;ESP;Euskotren Trena;TMgreen;2;preview
espfs;ESP;Ferrocarril de Sóller;TMgreen;2;preview
esprab;ESP;Renfe Aldiriak Bilbo;TMgreen;2;preview
esprad;ESP;Renfe Aldiriak Donostia;TMgreen;2;preview
esprc;ESP;Rodalies de Catalunya;TMgreen;2;preview
esprf;ESP;Renfe Feve;TMgreen;2;preview
espsfm;ESP;Serveis Ferroviaris de Mallorca;TMgreen;2;preview
espbm;ESP;Bilboko Metroa;TMblue;3;preview
espmb;ESP;Metro de Barcelona;TMblue;3;preview
espmvbl;ESP;Metros del Vallès et Baix Llobregat;TMblue;3;preview
espmm;ESP;Metro de Madrid;TMblue;3;preview
espmma;ESP;Metro de Málaga;TMblue;3;preview
espmp;ESP;Metro de Palma;TMblue;3;preview
espms;ESP;Metro de Sevilla;TMblue;3;preview
espmv;ESP;Metrovalencia (Metro);TMblue;3;preview
espetb;ESP;Euskotren Tranbia;TMred;4;preview
espmg;ESP;Metro de Granada;TMred;4;preview
espmlm;ESP;Metro Ligero de Madrid;TMred;4;preview
espta;ESP;TRAM metropolita d'Alicant;TMred;4;preview
esptb;ESP;TRAM Barcelona;TMred;4;preview
esptbc;ESP;TRAMBahía de Cádiz;TMred;4;preview
esptmu;ESP;Tranvia de Murcia;TMred;4;preview
espts;ESP;Metrocentro de Sevilla;TMred;4;preview
esptt;ESP;Tranvía de Tenerife;TMred;4;preview
esptv;ESP;Metrovalencia (Tramvia);TMred;4;preview
esptz;ESP;Tranvía de Zaragoza;TMred;4;preview
eures;EUR;Eurostar;TMpurple;1;preview
euret;EUR;LeShuttle (Eurotunnel);TMpurple;1;preview
euraair;EUR;Europe Airport People Movers (airside);TMyellow;5;preview
eurair;EUR;Europe Airport People Movers (landside);TMyellow;5;preview
eurf;EUR;Europe Funiculars;TMyellow;5;preview
eurhr;EUR;Europe Heritage & Tourist Railways;TMbrown;5;preview
fratgv;FRA;TGV InOui;TMpurple;1;preview
fratgvl;FRA;TGV Lyria;TMpurple;1;preview
fracp;FRA;Chemins de fer de Provence;TMgreen;2;preview
frahdfterk;FRA;TER Hauts-de-France (Krono);TMgreen;2;preview
frahdfterc;FRA;TER Hauts-de-France (Citi);TMgreen;2;preview
frahdfterp;FRA;TER Hauts-de-France (Proxi);TMgreen;2;preview
franaqterd;FRA;TER en Nouvelle-Aquitaine (Direct'R);TMgreen;2;preview
franaqterf;FRA;TER en Nouvelle-Aquitaine (Facilit'R);TMgreen;2;preview
franaqterl;FRA;TER en Nouvelle-Aquitaine (Liné'R);TMgreen;2;preview
frareme;FRA;Réseau express métropolitain européen;TMgreen;2;preview
frarer;FRA;Réseau Express Régional;TMgreen;2;preview
fratra;FRA;Transillien;TMgreen;2;preview
frattu;FRA;Toulouse Train urbain;TMgreen;2;preview
frallm;FRA;Lille Métro;TMblue;3;preview
fralym;FRA;Lyon Métro;TMblue;3;preview
framam;FRA;Marseille Métro;TMblue;3;preview
frapm;FRA;Paris Métro;TMblue;3;preview
frarm;FRA;Rennes Métro;TMblue;3;preview
fratm;FRA;Toulouse Métro;TMblue;3;preview
fraant;FRA;Angers Tramway;TMred;4;preview
fraavt;FRA;Avignon Tramway;TMred;4;preview
fraaut;FRA;Tramway d'Aubagne;TMred;4;preview
frabet;FRA;Besancon Tramway;TMred;4;preview
frabrt;FRA;Brest Tramway;TMred;4;preview
frabt;FRA;Bordeaux Tramway;TMred;4;preview
fracft;FRA;Clermont-Ferrand Tramway;TMred;4;preview
fract;FRA;Caen Tramway;TMred;4;preview
fradt;FRA;Dijon Tramway;TMred;4;preview
fragt;FRA;Grenoble Tramway;TMred;4;preview
fraidft;FRA;Ile de France Tramway;TMred;4;preview
frallt;FRA;Tramway du Grand Boulevard;TMred;4;preview
fralht;FRA;Le Havre Tramway;TMred;4;preview
fralmt;FRA;Le Mans Tramway;TMred;4;preview
fralyt;FRA;Lyon Tramway;TMred;4;preview
framat;FRA;Marseille Tramway;TMred;4;preview
framot;FRA;Monpelier Tramway;TMred;4;preview
framut;FRA;Mulhouse Tramway;TMred;4;preview
franat;FRA;Nantes Tramway;TMred;4;preview
franit;FRA;Nice Tramway;TMred;4;preview
fraot;FRA;Orleans Tramway;TMred;4;preview
fraret;FRA;Reims Tramway;TMred;4;preview
frarot;FRA;Métro de Rouen;TMred;4;preview
fraset;FRA;Saint Etienne Tramway;TMred;4;preview
frast;FRA;Strasbourg Tramway;TMred;4;preview
fratot;FRA;Tours Tramway;TMred;4;preview
fratt;FRA;Toulouse Tramway;TMred;4;preview
fravt;FRA;Valenciennes Tramway;TMred;4;preview
gbncs;GBR;(National Rail) Caledonian Sleeper;TMpurple;1;preview
gbngc;GBR;(National Rail) Great Central;TMpurple;1;preview
gbngr;GBR;(National Rail) London North Eastern Railway;TMpurple;1;preview
gbngx;GBR;(National Rail) Gatwick Express;TMpurple;1;preview
gbnht;GBR;(National Rail) Hull Trains;TMpurple;1;preview
gbnhx;GBR;(National Rail) Heathrow Express;TMpurple;1;preview
gbnld;GBR;(National Rail) Lumo;TMpurple;1;preview
gbnsx;GBR;(National Rail) Stansted Express;TMpurple;1;preview
gbnvt;GBR;(National Rail) Avanti West Coast;TMpurple;1;preview
gbnxc;GBR;(National Rail) CrossCountry;TMpurple;1;preview
gbnaw;GBR;(National Rail) Transport for Wales Rail;TMgreen;2;preview
gbncc;GBR;(National Rail) c2c;TMgreen;2;preview
gbnch;GBR;(National Rail) Chiltern Railways;TMgreen;2;preview
gbnem;GBR;(National Rail) East Midlands Railway;TMgreen;2;preview
gbngn;GBR;(National Rail) Great Northern;TMgreen;2;preview
gbngw;GBR;(National Rail) Great Western Railway;TMgreen;2;preview
gbnle;GBR;(National Rail) Greater Anglia;TMgreen;2;preview
gbnln;GBR;(National Rail) London Northwestern Railway;TMgreen;2;preview
gbnlo;GBR;London Overground;TMgreen;2;preview
gbnme;GBR;Merseyrail;TMgreen;2;preview
gbnnr;GBR;(National Rail) Northern;TMgreen;2;preview
gbnse;GBR;(National Rail) Southeastern;TMgreen;2;preview
gbnsn;GBR;(National Rail) Southern;TMgreen;2;preview
gbnsr;GBR;(National Rail) Scotrail;TMgreen;2;preview
gbnsw;GBR;(National Rail) South Western Railway;TMgreen;2;preview
gbntl;GBR;(National Rail) Thameslink;TMgreen;2;preview
gbntp;GBR;(National Rail) TransPennine Express;TMgreen;2;preview
gbnwm;GBR;(National Rail) West Midlands Railway;TMgreen;2;preview
gbnxr;GBR;TfL Elizabeth Line;TMgreen;2;preview
irlnir;GBR;NI Railways;TMgreen;2;preview
gbndlr;GBR;Docklands Light Railway;TMteal;3;preview
gbngs;GBR;Glasgow Subway;TMblue;3;preview
gbnlu;GBR;London Underground;TMblue;3;preview
gbntwm;GBR;Tyne & Wear Metro;TMblue;3;preview
gbnbt;GBR;Blackpool Tramway;TMred;4;preview
gbnet;GBR;Edinburgh Tram;TMred;4;preview
gbnlt;GBR;London Trams;TMred;4;preview
gbnman;GBR;Manchester Metrolink;TMred;4;preview
gbnnet;GBR;Nottingham Express Transit;TMred;4;preview
gbnss;GBR;Sheffield Supertram;TMred;4;preview
gbnwmm;GBR;West Midlands Metro;TMred;4;preview
grcpa;GRC;Proastiakos Athenas;TMgreen;2;preview
grcpp;GRC;Proastiakos Patras;TMgreen;2;preview
grcpt;GRC;Proastiakos Thessalonikis;TMgreen;2;preview
grcma;GRC;Metro Athenas;TMblue;3;preview
grcmt;GRC;Metro Thessalonikis;TMblue;3;preview
grcta;GRC;Tram Athenas;TMred;4;preview
hkgmtr;CHN;Hong Kong Mass Transit Railway;TMblue;3;preview
hkglr;CHN;Hong Kong Light Rail;TMlightsalmon;4;preview
hkghkt;CHN;Hong Kong Tramways;TMred;4;preview
hkgop;CHN;Ocean Park Transport;TMyellow;5;preview
hkgpt;CHN;Peak Tram;TMyellow;5;preview
hrvzt;HRV;Tramvajski promet u Zagrebu;TMred;4;preview
hunbm;HUN;Budapesti metró;TMblue;3;preview
hunbt;HUN;Budapest villamosvonal;TMred;4;preview
idnkrlc;IDN;KRL Commuterline;TMgreen;2;preview
idnmrtj;IDN;Moda Raya Terpadu Jakarta;TMblue;3;preview
idnlrtj;IDN;Lintas Rel Terpadu;TMred;4;preview
idnlrtjb;IDN;Lintas Rel Terpadu Jabodebek;TMred;4;preview
imnimr;IMN;Isle of Man Railways;TMred;4;preview
indcmrl;IND;Chennai Metro;TMblue;3;preview
inddmrc;IND;Delhi Metro;TMblue;3;preview
irlent;IRL;Enterprise;TMpurple;1;preview
irlie;IRL;Iarnród Éireann;TMgreen;2;preview
irlluas;IRL;Luas;TMred;4;preview
isrir;ISR;Israel Railways;TMgreen;2;preview
isrjlr;ISR;Jerusalem Light Rail;TMred;4;preview
isrtalr;ISR;Tel Aviv Light Rail;TMred;4;preview
itafa;ITA;Trenitalia Frecciargento;TMpurple;1;preview
itafb;ITA;Trenitalia Frecciabianca;TMpurple;1;preview
itafl;ITA;Ferrovie Laziali;TMgreen;2;preview
itanf;ITA;Ferrovie flegree di Napoli;TMgreen;2;preview
itanr;ITA;Ferrovie regionali di Napoli;TMgreen;2;preview
itans;ITA;Ferrovie suburbane di Napoli;TMgreen;2;preview
itanv;ITA;Ferrovie vesuviane di Napoli;TMgreen;2;preview
itabafm;ITA;Servizio ferroviario metropolitano di Bari;TMgreen;2;preview
itabfm;ITA;Servizio ferroviario metropolitano di Bologna;TMgreen;2;preview
itagu;ITA;Servizio ferroviario urbano di Genova;TMgreen;2;preview
itams;ITA;Servizio ferroviario suburbano di Milano;TMgreen;2;preview
itatfm;ITA;Servizio ferroviario metropolitano di Torino;TMgreen;2;preview
itafc;ITA;Ferrovie urbana Roma;TMteal;3;preview
itabm;ITA;Metropolitana di Brescia;TMblue;3;preview
itacm;ITA;Metropolitana di Catania;TMblue;3;preview
itagm;ITA;Metropolitana di Genova;TMblue;3;preview
itamm;ITA;Metropolitana di Milano;TMblue;3;preview
itanm;ITA;Metropolitana di Napoli;TMblue;3;preview
itarm;ITA;Metropolitana di Roma;TMblue;3;preview
itatm;ITA;Metropolitana di Torino;TMblue;3;preview
itabat;ITA;Tranviaria di Bergamo-Albino;TMred;4;preview
itact;ITA;Tranviaria di Cagliari;TMred;4;preview
itaft;ITA;Tranviaria di Firenze;TMred;4;preview
itamet;ITA;Tranviaria di Messina;TMred;4;preview
itamt;ITA;Tranviaria di Milano;TMred;4;preview
itant;ITA;Tranviaria di Napoli;TMred;4;preview
itaot;ITA;Tranviaria di Opicina;TMred;4;preview
itapat;ITA;Tranviaria di Padova;TMred;4;preview
itapt;ITA;Tranviaria di Palermo;TMred;4;preview
itart;ITA;Tranviaria di Roma;TMred;4;preview
itast;ITA;Tranviaria di Sassari;TMred;4;preview
itatt;ITA;Tranviaria di Torino;TMred;4;preview
itavt;ITA;Tranviaria di Venezia;TMred;4;preview
itapm;ITA;Minimetrò Perugia;TMyellow;5;preview
itavpm;ITA;People Mover di Venezia;TMyellow;5;preview
jpnjrsks;JPN;JR Shinkansens;TMpurple;1;preview
jpnjrc;JPN;JR Central;TMpurple;1;preview
jpnjre;JPN;JR East;TMpurple;1;preview
jpnjrh;JPN;JR Hokkaido;TMpurple;1;preview
jpnjrk;JPN;JR Kyushu;TMpurple;1;preview
jpnjrs;JPN;JR Shikoku;TMpurple;1;preview
jpnjrw;JPN;JR West;TMpurple;1;preview
jpnlexc;JPN;JR Central Limited Express;TMblack;1;preview
jpnlexe;JPN;JR East Limited Express;TMblack;1;preview
jpnlexh;JPN;JR Hokkaido Limited Express;TMblack;1;preview
jpnlexk;JPN;JR Kyushu Limited Express;TMblack;1;preview
jpnlexs;JPN;JR Shikoku Limited Express;TMblack;1;preview
jpnlexw;JPN;JR West Limited Express;TMblack;1;preview
jpntlxk;JPN;Kyushu Tourist Services;TMblack;1;preview
jpntlxw;JPN;Western Honshu Tourist Services;TMblack;1;preview
jpn7star;JPN;Seven Stars in Kyushu;TMblack;1;preview
jpnrhku;JPN;Hankyu Railway;TMbrown;2;preview
jpnrhsn;JPN;Hanshin Railway;TMbrown;2;preview
jpnrkeo;JPN;Keio Railway;TMbrown;2;preview
jpnrkhn;JPN;Keihan Railway;TMbrown;2;preview
jpnrkin;JPN;Keitetsu Railway;TMbrown;2;preview
jpnrkku;JPN;Keikyu Railway;TMbrown;2;preview
jpnrksi;JPN;Keisei Railway;TMbrown;2;preview
jpnrmtu;JPN;Meitetsu Railway;TMbrown;2;preview
jpnrnki;JPN;Nankai Railway;TMbrown;2;preview
jpnrnnr;JPN;Nishi-Nippon Railroad;TMbrown;2;preview
jpnrodk;JPN;Odakyu Railway;TMbrown;2;preview
jpnrsbu;JPN;Seibu Railway;TMbrown;2;preview
jpnrshd;JPN;Shinden (Kobe Electric) Railway;TMbrown;2;preview
jpnrsot;JPN;Sotetsu Railway;TMbrown;2;preview
jpnrtbu;JPN;Tobu Railway;TMbrown;2;preview
jpnrtku;JPN;Tokyu Railway;TMbrown;2;preview
jpnvsgc;JPN;Central Honshu Single Line Private Railways;TMbrown;2;preview
jpnvsge;JPN;East Honshu Single Line Private Railways;TMbrown;2;preview
jpnvsgh;JPN;Hokkaido Single Line Private Railways;TMbrown;2;preview
jpnvsgk;JPN;Kyushu Single Line Private Railways;TMbrown;2;preview
jpnvsgw;JPN;West Honshu Single Line Private Railways;TMbrown;2;preview
jpnvech;JPN;Echizen Railway;TMbrown;2;preview
jpnveiz;JPN;Eizan Railway;TMbrown;2;preview
jpnvetr;JPN;Echigo Tokimeki Railway;TMbrown;2;preview
jpnvhch;JPN;Heisei Chikuho Railway;TMbrown;2;preview
jpnvhkr;JPN;Hokuriku Railroad;TMbrown;2;preview
jpnvicb;JPN;Ichibata Railway;TMbrown;2;preview
jpnviyo;JPN;Iyo Railway;TMbrown;2;preview
jpnvizh;JPN;Izuhakone Railway;TMbrown;2;preview
jpnvkmm;JPN;Kumamoto Railway;TMbrown;2;preview
jpnvknn;JPN;Konan Railway;TMbrown;2;preview
jpnvkto;JPN;Kanto Railway;TMbrown;2;preview
jpnvktr;JPN;Kyoto Tango Railway;TMbrown;2;preview
jpnvohm;JPN;Ohmi Railway;TMbrown;2;preview
jpnvsng;JPN;Sangi Railway;TMbrown;2;preview
jpnvsnn;JPN;Shinano Railway;TMbrown;2;preview
jpnvsny;JPN;Sanyo Railway;TMbrown;2;preview
jpnvtch;JPN;Toyama Chiho Railway;TMbrown;2;preview
jpnvtke;JPN;Takamatsu Kotohira Railway;TMbrown;2;preview
jpnvtos;JPN;Tosa Kuroshio Railway;TMbrown;2;preview
jpnmtfk;JPN;Fukuoka Subway;TMblue;3;preview
jpnmtkb;JPN;Kobe Subway;TMblue;3;preview
jpnmtky;JPN;Kyoto Subway;TMblue;3;preview
jpnmtng;JPN;Nagoya Subway;TMblue;3;preview
jpnmtos;JPN;Osaka Metro;TMblue;3;preview
jpnmtse;JPN;Sendai Subway;TMblue;3;preview
jpnmtsp;JPN;Sapporo Subway;TMblue;3;preview
jpnmtto;JPN;Tokyo Subway;TMblue;3;preview
jpnmtyk;JPN;Yokohama Subway;TMblue;3;preview
jpnmono;JPN;Japan Monorails;TMblue;3;preview
jpnagt;JPN;Automated Guideway Transit;TMblue;3;preview
jpnagtk;JPN;Kobe New Transit (AGT);TMblue;3;preview
jpntmen;JPN;Enoden Tram;TMred;4;preview
jpntmfi;JPN;Fukui Trams;TMred;4;preview
jpntmhi;JPN;Hiroshima Trams;TMred;4;preview
jpntmhk;JPN;Hakodate Trams;TMred;4;preview
jpntmkg;JPN;Kagoshima Trams;TMred;4;preview
jpntmkm;JPN;Kumamoto Trams;TMred;4;preview
jpntmky;JPN;Kyoto Trams;TMred;4;preview
jpntmmy;JPN;Matsuyama Trams;TMred;4;preview
jpntmna;JPN;Nagasaki Trams;TMred;4;preview
jpntmok;JPN;Okayama Trams;TMred;4;preview
jpntmos;JPN;Osaka (Hankai) Trams;TMred;4;preview
jpntmsp;JPN;Sapporo Tram;TMred;4;preview
jpntmta;JPN;Takaoka Manyosen Tram;TMred;4;preview
jpntmth;JPN;Toyohashi Trams;TMred;4;preview
jpntmto;JPN;Tokyo Trams;TMred;4;preview
jpntmty;JPN;Toyama Trams;TMred;4;preview
jpntmut;JPN;Utsunomiya Light Rail;TMred;4;preview
jpndmv;JPN;Dual Mode Vehicle Lines;TMyellow;5;preview
jpnfuni;JPN;Japan Funiculars;TMyellow;5;preview
jpntour;JPN;Japan Tourist/Heritage Railroads;TMyellow;5;preview
korktx;KOR;Korea Train Express (KTX);TMpurple;1;preview
korsrt;KOR;Super Rapid Train (SRT);TMpurple;1;preview
korsms;KOR;Seoul Metropolitan Subway;TMblue;3;preview
luxcfl;LUX;Société Nationale des Chemins de Fer Luxembourgeois;TMgreen;2;preview
luxst;LUX;Stater Tram;TMred;4;preview
macmlm;CHN;Metro Ligeiro de Macau;TMred;4;preview
mexchp;MEX;Chepe;TMpurple;1;preview
mexciit;MEX;Corredor Interoceánico del Istmo de Tehuantepec;TMpurple;1;preview
mextm;MEX;Tren Maya;TMpurple;1;preview
mexfs;MEX;Ferrocarriles Suburbanos;TMgreen;2;preview
mexins;MEX;El Insurgente;TMgreen;2;preview
mexsiteur;MEX;Sistema de Tren Eléctrico Urbano (Guadalajara);TMblue;3;preview
mexstc;MEX;Sistema de Transporte Colectivo (Ciudad de México);TMblue;3;preview
mexstcm;MEX;Sistema de Transporte Colectivo Metrorrey;TMblue;3;preview
mexste;MEX;Servicio de Transportes Eléctricos (Ciudad de México);TMred;4;preview
mysktmk;MYS;Keretapi Tanah Melayu Komuter;TMgreen;2;preview
myserl;MYS;Express Rail Link;TMgreen;2;preview
mysmrt;MYS;Rapid KL Mass Rapid Transit;TMblue;3;preview
mysklm;MYS;Rapid KL Monorail;TMcyan;3;preview
myslrt;MYS;Rapid KL Light Rapid Transit;TMred;4;preview
nldic;NLD;Netherlands Intercity;TMpurple;1;preview
nldre;NLD;Netherlands Sneltrein;TMgreen;2;preview
nldrs;NLD;Netherlands Sprinter / Stoptrein;TMgreen;2;preview
nldam;NLD;Amsterdam Metro;TMblue;3;preview
nldrm;NLD;Rotterdam Metro;TMblue;3;preview
nldat;NLD;Amsterdam Trams;TMred;4;preview
nldht;NLD;Den Haag Trams;TMred;4;preview
nldrt;NLD;Rotterdam Trams;TMred;4;preview
nldut;NLD;Utrecht Trams;TMred;4;preview
norf;NOR;Norway Fjerntog;TMpurple;1;preview
norft;NOR;Norway Flytog;TMpurple;1;preview
norre;NOR;Norway Regionekspress;TMpurple;1;preview
norr;NOR;Norway Regiontog;TMgreen;2;preview
norl;NOR;Norway Lokaltog;TMgreen;2;preview
norot;NOR;Oslo T-Bane;TMblue;3;preview
norbb;NOR;Bybanen i Bergen;TMred;4;preview
norto;NOR;Trikken i Oslo;TMred;4;preview
nzlatm;NZL;Auckland Transport Metro;TMgreen;2;preview
nzlkr;NZL;Kiwi Rail;TMgreen;2;preview
nzlwm;NZL;Wellington Metrolink;TMgreen;2;preview
panmp;PAN;Metro de Panamá;TMblue;3;preview
perml;PER;Metro de Lima;TMblue;3;preview
polksl;POL;Koleje Śląskie;TMgreen;2;preview
polpkm;POL;Poznańska Kolej Metropolitalna;TMgreen;2;preview
polskam;POL;Szybka Kolej Aglomeracyjna w Aglomeracji Krakowskiej;TMgreen;2;preview
polskmb;POL;Szybka Kolej Miejska BiTCity;TMgreen;2;preview
polskmt;POL;PKP Szybka Kolej Miejska w Trójmieście;TMgreen;2;preview
polskmw;POL;Szybka Kolej Miejska w Warszawie;TMgreen;2;preview
polwkd;POL;Warszawska Kolej Dojazdowa;TMgreen;2;preview
polwm;POL;Metro w Warszawie;TMblue;3;preview
polbt;POL;Tramwaje w Bydgoszczy;TMred;4;preview
polct;POL;Tramwaje w Częstochowie;TMred;4;preview
polet;POL;Tramwaje w Elblągu;TMred;4;preview
polgdt;POL;Tramwaje w Gdańsku;TMred;4;preview
polgwt;POL;Tramwaje w Gorzowie Wielkopolskim;TMred;4;preview
polgrt;POL;Tramwaje w Grudziądzu;TMred;4;preview
polkt;POL;Tramwaje w Krakowie;TMred;4;preview
pollt;POL;Tramwaje w Łodzi;TMred;4;preview
polot;POL;Tramwaje w Olsztynie;TMred;4;preview
polpt;POL;Tramwaje w Poznaniu;TMred;4;preview
polslt;POL;Tramwaje Śląskie;TMred;4;preview
polszt;POL;Tramwaje w Szczecinie;TMred;4;preview
poltt;POL;Tramwaje w Toruniu;TMred;4;preview
polwt;POL;Tramwaje w Warszawie;TMred;4;preview
polwrt;POL;Tramwaje we Wrocławiu;TMred;4;preview
prtlu;PRT;Urbanos de Lisboa;TMgreen;2;preview
prtpu;PRT;Urbanos de Porto;TMgreen;2;preview
prtlm;PRT;Metropolitano de Lisboa;TMblue;3;preview
prtpm;PRT;Metro do Porto;TMblue;3;preview
prtle;PRT;Elétricos de Lisboa;TMred;4;preview
prtmts;PRT;Metro Sul do Tejo;TMred;4;preview
prtpe;PRT;Elétricos do Porto;TMred;4;preview
prtse;PRT;Elétricos de Sintra;TMred;4;preview
roubm;ROU;Metroul din București;TMblue;3;preview
roubt;ROU;Tramvaiul din București (as-of July 2023);TMred;4;preview
sgpmrt;SGP;Singapore Mass Rapid Transit;TMblue;3;preview
sgplrt;SGP;Singapore Light Rail Transit;TMyellow;5;preview
srbbt;SRB;Belgrade trams;TMred;4;preview
svkzdb;SVK;Železničná_doprava v Bratislave;TMgreen;2;preview
svkedb;SVK;Električková_doprava v Bratislave;TMred;4;preview
svkedk;SVK;Električková_doprava v Košiciach;TMred;4;preview
svktez;SVK;Trenčianska elektrická železnica;TMred;4;preview
swegs;SWE;Göteborgs spårvagn;TMred;4;preview
swesj;SWE;Stockholms pendeltåg;TMgreen;2;preview
swest;SWE;Stockholms tunnelbana;TMblue;3;preview
swesl;SWE;Stockholms lokalbana;TMlightsalmon;4;preview
swess;SWE;Stockholms spårvagn;TMred;4;preview
thab;THA;Bangkok urban rail transit;TMblue;3;preview
turib;TUR;İstanbul Banliyö Treni;TMgreen;2;preview
turim;TUR;İstanbul Metrosu;TMblue;3;preview
turit;TUR;İstanbul Tramvayı;TMred;4;preview
turif;TUR;İstanbul Füniküleri;TMyellow;5;preview
twnhsr;CHN;Taiwan High Speed Rail;TMpurple;1;preview
twntpm;CHN;Taipei urban rail transit;TMblue;3;preview
ukrkme;UKR;Kyiv Miska Elektrychks;TMgreen;2;preview
ukrdnm;UKR;Dnipro Metropoliten;TMblue;3;preview
ukrkhm;UKR;Kharkiv Metropoliten;TMblue;3;preview
ukrkm;UKR;Kyiv Metropoliten;TMblue;3;preview
ukrkrst;UKR;Kryvyi Rih Shvydkisnyj Tramvaj;TMred;4;preview
ukrkst;UKR;Kyiv Shvydkisnyj Tramvaj;TMred;4;preview
ukrdnt;UKR;Dnipro Tramvaj;TMlightsalmon;4;preview
ukrkht;UKR;Kharkiv Tramvaj;TMlightsalmon;4;preview
ukrkrt;UKR;Kryvyi Rih Tramvaj;TMlightsalmon;4;preview
ukrkt;UKR;Kyiv Tramvaj;TMlightsalmon;4;preview
ukrzat;UKR;Zaporozhye Tramvaj;TMlightsalmon;4;preview
uryafe;URY;Administración de Ferrocarriles del Estado;TMpurple;1;preview
usaamtk;USA;Amtrak;TMpurple;1;preview
usaarr;USA;Alaska Railroad;TMpurple;1;preview
usablfx;USA;Brightline;TMgreen;2;preview
usacfr;USA;SunRail;TMgreen;2;preview
usacndx;USA;CTrail;TMgreen;2;preview
usalirr;USA;Long Island Rail Road;TMgreen;2;preview
usamarc;USA;MARC Train;TMgreen;2;preview
usambtx;USA;MBTA Commuter Rail;TMgreen;2;preview
usametx;USA;Chicago Metra;TMgreen;2;preview
usamncw;USA;Metro-North;TMgreen;2;preview
usanctc;USA;San Diego NCTD Commuter Rail;TMgreen;2;preview
usanjtr;USA;NJ Transit Rail;TMgreen;2;preview
usanmrx;USA;New Mexico Rail Runner Express;TMgreen;2;preview
usartdx;USA;Denver RTD Commuter Rail;TMgreen;2;preview
usascax;USA;L.A. Metrolink;TMgreen;2;preview
usasepa;USA;SEPTA Regional Rail;TMgreen;2;preview
usautax;USA;UTA FrontRunner;TMgreen;2;preview
usavrex;USA;Virginia Railway Express;TMgreen;2;preview
usatr;USA;United States Tourist/Heritage Railroads;TMgreen;2;preview
usatrcx;USA;Tri-Rail;TMgreen;2;preview
usaace;USA;Altamont Corridor Express;TMgreen;2;preview
usajpbx;USA;Caltrain;TMgreen;2;preview
usasmart;USA;Sonoma-Marin Area Rail Transit;TMgreen;2;preview
usanicd;USA;Northern Indiana Commuter Transportation District;TMgreen;2;preview
usamnrx;USA;Northstar Line;TMgreen;2;preview
usawes;USA;Westside Express Service;TMgreen;2;preview
usanrtx;USA;WeGo Star;TMgreen;2;preview
usacmr;USA;CapMetro Rail;TMgreen;2;preview
usadcta;USA;Denton County Transportation Authority;TMgreen;2;preview
usatmdart;USA;Dallas/Fort Worth Commuter Railroads;TMgreen;2;preview
usasdrx;USA;Sounder;TMgreen;2;preview
usabmsl;USA;Baltimore Metro SubwayLink;TMblue;3;preview
usambta;USA;MBTA Subway;TMblue;3;preview
usapatco;USA;PATCO Speedline;TMblue;3;preview
usasepta;USA;SEPTA rapid transit;TMblue;3;preview
usanycs;USA;New York City Subway;TMblue;3;preview
usapath;USA;Port Authority Trans-Hudson Railroad;TMblue;3;preview
usasir;USA;Staten Island Railway;TMblue;3;preview
usawdw;USA;Walt Disney World Monorail;TMblue;3;preview
usawmat;USA;Washington Metro;TMblue;3;preview
usamarta;USA;MARTA Rail;TMblue;3;preview
usamdt;USA;Miami-Dade Metrorail;TMblue;3;preview
usarta;USA;Cleveland RTA Heavy Rail;TMblue;3;preview
usacta;USA;Chicago L;TMblue;3;preview
usalvm;USA;Las Vegas Monorail;TMblue;3;preview
usalams;USA;L.A. Metro Subway;TMblue;3;preview
usabart;USA;Bay Area Rapid Transit;TMblue;3;preview
usaharthi;USA;Honolulu Authority for Rapid Transportation;TMblue;3;preview
usatu;USA;Tren Urbano;TMblue;3;preview
usablrl;USA;Baltimore Light RailLink;TMred;4;preview
usanfta;USA;Buffalo Metro Rail;TMred;4;preview
usadcsc;USA;DC Streetcar;TMred;4;preview
usalynx;USA;Charlotte LYNX;TMred;4;preview
usambtlr;USA;MBTA Light Rail;TMred;4;preview
usamtlr;USA;Minnesota METRO Transit (Light Rail);TMred;4;preview
usanjlr;USA;NJ Transit Light Rail;TMred;4;preview
usaseplr;USA;SEPTA Trolleys;TMred;4;preview
usapitlr;USA;Pittsburgh Light Rail (The T);TMred;4;preview
usatide;USA;The Tide;TMred;4;preview
usartalr;USA;Cleveland RTA Light Rail;TMred;4;preview
usadart;USA;DART Light Rail;TMred;4;preview
usamtahc;USA;Houston METRORail;TMred;4;preview
usavmr;USA;Valley Metro Rail;TMred;4;preview
usautat;USA;UTA TRAX;TMred;4;preview
usalamlr;USA;L.A. Metro Light Rail;TMred;4;preview
usamts;USA;San Diego Trolley;TMred;4;preview
usartdz;USA;Denver RTD Light Rail;TMred;4;preview
usamuni;USA;San Francisco MUNI Light Rail;TMred;4;preview
usasrt;USA;Sacramento RT Light Rail;TMred;4;preview
usavta;USA;VTA Light Rail;TMred;4;preview
usabsda;USA;Bi-State Development Agency;TMred;4;preview
usanorta;USA;New Orleans Regional Transit Authority;TMred;4;preview
usamax;USA;MAX Light Rail;TMred;4;preview
usastlr;USA;Sound Transit Light Rail;TMred;4;preview
usaebart;USA;East Contra Costa County BART Extension;TMred;4;preview
usaair;USA;United States Landside Airport Rail Systems;TMyellow;5;preview
usaaair;USA;United States Airside Airport Rail Systems;TMyellow;5;preview
usahart;USA;TECO Line Streetcar Tampa;TMyellow;5;preview
usahunhts;USA;Huntsville Hospital Tram System;TMyellow;5;preview
usair;USA;United States Incline Railways;TMyellow;5;preview
usajta;USA;Jacksonville Skyway;TMyellow;5;preview
usakcsc;USA;RideKC Streetcar;TMyellow;5;preview
usalvct;USA;Las Vegas Casino Trams;TMyellow;5;preview
usammm;USA;Miami Metromover;TMyellow;5;preview
usarooist;USA;Roosevelt Island Tramway;TMyellow;5;preview
usasfcc;USA;San Francisco Cable Cars;TMyellow;5;preview
usatsc;USA;Tempe Streetcar;TMyellow;5;preview
usautas;USA;UTA S-Line;TMyellow;5;preview
usawvuprt;USA;Morgantown Personal Rapid Transit;TMyellow;5;preview
usarrm;USA;Rock Region Metro;TMyellow;5;preview
usast;USA;Sun Tran;TMyellow;5;preview
usaatlsc;USA;Atlanta Streetcar;TMyellow;5;preview
usadpm;USA;Detroit People Mover;TMyellow;5;preview
usaql;USA;QLine;TMyellow;5;preview
usacc;USA;Cincinnati Connector;TMyellow;5;preview
usaokcsc;USA;Oklahoma City Streetcar;TMyellow;5;preview
usamata;USA;Memphis Area Transit Authority;TMyellow;5;preview
usadsc;USA;Dallas Streetcar;TMyellow;5;preview
usaelpsc;USA;El Paso Streetcar;TMyellow;5;preview
usagal;USA;Galveston Island Trolley;TMyellow;5;preview
usamck;USA;McKinney Avenue Transit Authority;TMyellow;5;preview
usakensc;USA;Kenosha Streetcar;TMyellow;5;preview
usamkehop;USA;Milwaukee Hop;TMyellow;5;preview
usapsc;USA;Portland Streetcar;TMyellow;5;preview
usawst;USA;Willamette Shore Trolley;TMyellow;5;preview
usascm;USA;Seattle Center Monorail;TMyellow;5;preview
usassc;USA;Seattle Streetcars;TMyellow;5;preview
nawpy;NA;White Pass & Yukon Route Railway;TMyellow;5;preview
